scenario,problem_type,repeat,Model,Temperature,Max Tokens,Context Tags,Num Context,Prompt,Raw Output,Parse Error,Chosen Option,Standard Mapping,Rationale,Key Signals Used
1_founder_period,generic,1,meta-llama/Meta-Llama-3.1-8B-Instruct,0.3,150,[Finance] Initial funding: ~USD 7.5M Series A (private).,1,"You are a senior technology strategy analyst. Given the fixed problem and a subset of context blocks (which may be empty), select the single most appropriate execution option and justify it clearly.

Problem (ALWAYS INCLUDED):
Problem: A new company must select an initial market entry strategy to prove its concept and secure future funding, despite lacking a proven supply chain, manufacturing assets, and brand recognition. The core challenge is to create a compelling and differentiated narrative while managing a high capital risk.

Additional context (subset may be empty):
- [Finance] Initial funding: ~USD 7.5M Series A (private). Initial external funding amounted to approximately USD 7.5 million in a Series A round, indicating limited capital.

Candidate execution options (choose EXACTLY ONE):
  A) Build a portfolio of hybrid/fuel cell vehicles
  B) Develop a high-performance EV sports car
  C) Co-develop an EV platform with a major automaker

Standard strategy mappings:
  A → Fast Follower
  B → Technology Leadership
  C → Open Innovation

Return STRICT JSON with keys exactly: {""chosen_option"": ""A|B|C|D"", ""standard_mapping"": ""..."", ""rationale"": ""<3-4 concise sentences>"", ""key_signals_used"": [""<copy of tags you relied on, MUST be from the provided context blocks>""]}
If no context was used, return an empty array `[]` for `key_signals_used`.Do not include any extra keys or prose outside JSON.","{
  ""chosen_option"": ""A"",
  ""standard_mapping"": ""Fast Follower"",
  ""rationale"": ""Given the limited capital and high capital risk, a Fast Follower strategy is most suitable as it allows the company to enter the market with a proven concept, leveraging existing technologies and minimizing upfront investment."",
  ""key_signals_used"": [""limited capital"", ""high capital risk""]
}",,A,Fast Follower,"""Given the limited capital and high capital risk, a Fast Follower strategy is most suitable as it allows the company to enter the market with a proven concept, leveraging existing technologies and minimizing upfront investment.""",limited capital; high capital risk
1_founder_period,generic,2,meta-llama/Meta-Llama-3.1-8B-Instruct,0.3,150,[Finance] Initial funding: ~USD 7.5M Series A (private).,1,"You are a senior technology strategy analyst. Given the fixed problem and a subset of context blocks (which may be empty), select the single most appropriate execution option and justify it clearly.

Problem (ALWAYS INCLUDED):
Problem: A new company must select an initial market entry strategy to prove its concept and secure future funding, despite lacking a proven supply chain, manufacturing assets, and brand recognition. The core challenge is to create a compelling and differentiated narrative while managing a high capital risk.

Additional context (subset may be empty):
- [Finance] Initial funding: ~USD 7.5M Series A (private). Initial external funding amounted to approximately USD 7.5 million in a Series A round, indicating limited capital.

Candidate execution options (choose EXACTLY ONE):
  A) Build a portfolio of hybrid/fuel cell vehicles
  B) Develop a high-performance EV sports car
  C) Co-develop an EV platform with a major automaker

Standard strategy mappings:
  A → Fast Follower
  B → Technology Leadership
  C → Open Innovation

Return STRICT JSON with keys exactly: {""chosen_option"": ""A|B|C|D"", ""standard_mapping"": ""..."", ""rationale"": ""<3-4 concise sentences>"", ""key_signals_used"": [""<copy of tags you relied on, MUST be from the provided context blocks>""]}
If no context was used, return an empty array `[]` for `key_signals_used`.Do not include any extra keys or prose outside JSON.","{
  ""chosen_option"": ""A"",
  ""standard_mapping"": ""Fast Follower"",
  ""rationale"": ""Building a portfolio of hybrid/fuel cell vehicles is a risk-averse approach that allows the company to enter the market with a lower capital investment. This strategy enables the company to learn from the market, adapt to customer needs, and gradually build a brand presence. It also provides an opportunity to diversify the product portfolio and reduce dependence on a single product."",
  ""key_signals_used"": [""limited capital"", ""high capital risk""]
}",,A,Fast Follower,"""Building a portfolio of hybrid/fuel cell vehicles is a risk-averse approach that allows the company to enter the market with a lower capital investment. This strategy enables the company to learn from the market, adapt to customer needs, and gradually build a brand presence. It also provides an opportunity to diversify the product portfolio and reduce dependence on a single product.""",limited capital; high capital risk
1_founder_period,generic,3,meta-llama/Meta-Llama-3.1-8B-Instruct,0.3,150,[Finance] Initial funding: ~USD 7.5M Series A (private).,1,"You are a senior technology strategy analyst. Given the fixed problem and a subset of context blocks (which may be empty), select the single most appropriate execution option and justify it clearly.

Problem (ALWAYS INCLUDED):
Problem: A new company must select an initial market entry strategy to prove its concept and secure future funding, despite lacking a proven supply chain, manufacturing assets, and brand recognition. The core challenge is to create a compelling and differentiated narrative while managing a high capital risk.

Additional context (subset may be empty):
- [Finance] Initial funding: ~USD 7.5M Series A (private). Initial external funding amounted to approximately USD 7.5 million in a Series A round, indicating limited capital.

Candidate execution options (choose EXACTLY ONE):
  A) Build a portfolio of hybrid/fuel cell vehicles
  B) Develop a high-performance EV sports car
  C) Co-develop an EV platform with a major automaker

Standard strategy mappings:
  A → Fast Follower
  B → Technology Leadership
  C → Open Innovation

Return STRICT JSON with keys exactly: {""chosen_option"": ""A|B|C|D"", ""standard_mapping"": ""..."", ""rationale"": ""<3-4 concise sentences>"", ""key_signals_used"": [""<copy of tags you relied on, MUST be from the provided context blocks>""]}
If no context was used, return an empty array `[]` for `key_signals_used`.Do not include any extra keys or prose outside JSON.","{
  ""chosen_option"": ""A"",
  ""standard_mapping"": ""Fast Follower"",
  ""rationale"": ""Building a portfolio of hybrid/fuel cell vehicles is the most risk-averse option, allowing the company to enter the market with a lower capital investment and a more established product line. This approach also enables the company to learn from the market and iterate on its products without committing to a single, high-risk product."",
  ""key_signals_used"": [""limited capital""]
}",,A,Fast Follower,"""Building a portfolio of hybrid/fuel cell vehicles is the most risk-averse option, allowing the company to enter the market with a lower capital investment and a more established product line. This approach also enables the company to learn from the market and iterate on its products without committing to a single, high-risk product.""",limited capital
1_founder_period,generic,4,meta-llama/Meta-Llama-3.1-8B-Instruct,0.3,150,[Finance] Initial funding: ~USD 7.5M Series A (private).,1,"You are a senior technology strategy analyst. Given the fixed problem and a subset of context blocks (which may be empty), select the single most appropriate execution option and justify it clearly.

Problem (ALWAYS INCLUDED):
Problem: A new company must select an initial market entry strategy to prove its concept and secure future funding, despite lacking a proven supply chain, manufacturing assets, and brand recognition. The core challenge is to create a compelling and differentiated narrative while managing a high capital risk.

Additional context (subset may be empty):
- [Finance] Initial funding: ~USD 7.5M Series A (private). Initial external funding amounted to approximately USD 7.5 million in a Series A round, indicating limited capital.

Candidate execution options (choose EXACTLY ONE):
  A) Build a portfolio of hybrid/fuel cell vehicles
  B) Develop a high-performance EV sports car
  C) Co-develop an EV platform with a major automaker

Standard strategy mappings:
  A → Fast Follower
  B → Technology Leadership
  C → Open Innovation

Return STRICT JSON with keys exactly: {""chosen_option"": ""A|B|C|D"", ""standard_mapping"": ""..."", ""rationale"": ""<3-4 concise sentences>"", ""key_signals_used"": [""<copy of tags you relied on, MUST be from the provided context blocks>""]}
If no context was used, return an empty array `[]` for `key_signals_used`.Do not include any extra keys or prose outside JSON.","{
  ""chosen_option"": ""A"",
  ""standard_mapping"": ""Fast Follower"",
  ""rationale"": ""Building a portfolio of hybrid/fuel cell vehicles is the most risk-averse option, allowing the company to enter the market with a diversified product line while minimizing upfront capital expenditure. This approach also enables the company to learn from customers and gather feedback, reducing the risk of launching a single, high-risk product. With limited capital, a fast follower strategy is more feasible than technology leadership or open innovation."",
  ""key_signals_used"": [""limited capital"", ""high capital risk""]
}",,A,Fast Follower,"""Building a portfolio of hybrid/fuel cell vehicles is the most risk-averse option, allowing the company to enter the market with a diversified product line while minimizing upfront capital expenditure. This approach also enables the company to learn from customers and gather feedback, reducing the risk of launching a single, high-risk product. With limited capital, a fast follower strategy is more feasible than technology leadership or open innovation.""",limited capital; high capital risk
1_founder_period,generic,5,meta-llama/Meta-Llama-3.1-8B-Instruct,0.3,150,[Finance] Initial funding: ~USD 7.5M Series A (private).,1,"You are a senior technology strategy analyst. Given the fixed problem and a subset of context blocks (which may be empty), select the single most appropriate execution option and justify it clearly.

Problem (ALWAYS INCLUDED):
Problem: A new company must select an initial market entry strategy to prove its concept and secure future funding, despite lacking a proven supply chain, manufacturing assets, and brand recognition. The core challenge is to create a compelling and differentiated narrative while managing a high capital risk.

Additional context (subset may be empty):
- [Finance] Initial funding: ~USD 7.5M Series A (private). Initial external funding amounted to approximately USD 7.5 million in a Series A round, indicating limited capital.

Candidate execution options (choose EXACTLY ONE):
  A) Build a portfolio of hybrid/fuel cell vehicles
  B) Develop a high-performance EV sports car
  C) Co-develop an EV platform with a major automaker

Standard strategy mappings:
  A → Fast Follower
  B → Technology Leadership
  C → Open Innovation

Return STRICT JSON with keys exactly: {""chosen_option"": ""A|B|C|D"", ""standard_mapping"": ""..."", ""rationale"": ""<3-4 concise sentences>"", ""key_signals_used"": [""<copy of tags you relied on, MUST be from the provided context blocks>""]}
If no context was used, return an empty array `[]` for `key_signals_used`.Do not include any extra keys or prose outside JSON.","{
  ""chosen_option"": ""A"",
  ""standard_mapping"": ""Fast Follower"",
  ""rationale"": ""Building a portfolio of hybrid/fuel cell vehicles is the most appropriate option due to limited capital. This approach allows for a lower upfront investment and enables the company to enter the market with a diversified product line, reducing the risk associated with a single product launch."",
  ""key_signals_used"": [""limited capital""]
}",,A,Fast Follower,"""Building a portfolio of hybrid/fuel cell vehicles is the most appropriate option due to limited capital. This approach allows for a lower upfront investment and enables the company to enter the market with a diversified product line, reducing the risk associated with a single product launch.""",limited capital
1_founder_period,generic,6,meta-llama/Meta-Llama-3.1-8B-Instruct,0.3,150,[Finance] Initial funding: ~USD 7.5M Series A (private).,1,"You are a senior technology strategy analyst. Given the fixed problem and a subset of context blocks (which may be empty), select the single most appropriate execution option and justify it clearly.

Problem (ALWAYS INCLUDED):
Problem: A new company must select an initial market entry strategy to prove its concept and secure future funding, despite lacking a proven supply chain, manufacturing assets, and brand recognition. The core challenge is to create a compelling and differentiated narrative while managing a high capital risk.

Additional context (subset may be empty):
- [Finance] Initial funding: ~USD 7.5M Series A (private). Initial external funding amounted to approximately USD 7.5 million in a Series A round, indicating limited capital.

Candidate execution options (choose EXACTLY ONE):
  A) Build a portfolio of hybrid/fuel cell vehicles
  B) Develop a high-performance EV sports car
  C) Co-develop an EV platform with a major automaker

Standard strategy mappings:
  A → Fast Follower
  B → Technology Leadership
  C → Open Innovation

Return STRICT JSON with keys exactly: {""chosen_option"": ""A|B|C|D"", ""standard_mapping"": ""..."", ""rationale"": ""<3-4 concise sentences>"", ""key_signals_used"": [""<copy of tags you relied on, MUST be from the provided context blocks>""]}
If no context was used, return an empty array `[]` for `key_signals_used`.Do not include any extra keys or prose outside JSON.","{
  ""chosen_option"": ""A"",
  ""standard_mapping"": ""Fast Follower"",
  ""rationale"": ""Building a portfolio of hybrid/fuel cell vehicles is the most conservative approach, allowing the company to enter the market with a lower capital risk. This option also enables the company to learn from existing technologies and adapt to customer needs without requiring significant upfront investments. By taking a fast follower approach, the company can quickly prove its concept and secure future funding."",
  ""key_signals_used"": [""limited capital"", ""high capital risk""]
}",,A,Fast Follower,"""Building a portfolio of hybrid/fuel cell vehicles is the most conservative approach, allowing the company to enter the market with a lower capital risk. This option also enables the company to learn from existing technologies and adapt to customer needs without requiring significant upfront investments. By taking a fast follower approach, the company can quickly prove its concept and secure future funding.""",limited capital; high capital risk
1_founder_period,generic,7,meta-llama/Meta-Llama-3.1-8B-Instruct,0.3,150,[Finance] Initial funding: ~USD 7.5M Series A (private).,1,"You are a senior technology strategy analyst. Given the fixed problem and a subset of context blocks (which may be empty), select the single most appropriate execution option and justify it clearly.

Problem (ALWAYS INCLUDED):
Problem: A new company must select an initial market entry strategy to prove its concept and secure future funding, despite lacking a proven supply chain, manufacturing assets, and brand recognition. The core challenge is to create a compelling and differentiated narrative while managing a high capital risk.

Additional context (subset may be empty):
- [Finance] Initial funding: ~USD 7.5M Series A (private). Initial external funding amounted to approximately USD 7.5 million in a Series A round, indicating limited capital.

Candidate execution options (choose EXACTLY ONE):
  A) Build a portfolio of hybrid/fuel cell vehicles
  B) Develop a high-performance EV sports car
  C) Co-develop an EV platform with a major automaker

Standard strategy mappings:
  A → Fast Follower
  B → Technology Leadership
  C → Open Innovation

Return STRICT JSON with keys exactly: {""chosen_option"": ""A|B|C|D"", ""standard_mapping"": ""..."", ""rationale"": ""<3-4 concise sentences>"", ""key_signals_used"": [""<copy of tags you relied on, MUST be from the provided context blocks>""]}
If no context was used, return an empty array `[]` for `key_signals_used`.Do not include any extra keys or prose outside JSON.","{
  ""chosen_option"": ""A"",
  ""standard_mapping"": ""Fast Follower"",
  ""rationale"": ""Building a portfolio of hybrid/fuel cell vehicles is a risk-averse approach that allows the company to enter the market with a lower capital investment. This strategy enables the company to learn from the market, gather feedback, and refine its products without committing to a single, high-risk product. It also provides a diversified revenue stream and allows the company to adapt to changing market conditions."",
  ""key_signals_used"": [""limited capital"", ""high capital risk""]
}",,A,Fast Follower,"""Building a portfolio of hybrid/fuel cell vehicles is a risk-averse approach that allows the company to enter the market with a lower capital investment. This strategy enables the company to learn from the market, gather feedback, and refine its products without committing to a single, high-risk product. It also provides a diversified revenue stream and allows the company to adapt to changing market conditions.""",limited capital; high capital risk
1_founder_period,generic,8,meta-llama/Meta-Llama-3.1-8B-Instruct,0.3,150,[Finance] Initial funding: ~USD 7.5M Series A (private).,1,"You are a senior technology strategy analyst. Given the fixed problem and a subset of context blocks (which may be empty), select the single most appropriate execution option and justify it clearly.

Problem (ALWAYS INCLUDED):
Problem: A new company must select an initial market entry strategy to prove its concept and secure future funding, despite lacking a proven supply chain, manufacturing assets, and brand recognition. The core challenge is to create a compelling and differentiated narrative while managing a high capital risk.

Additional context (subset may be empty):
- [Finance] Initial funding: ~USD 7.5M Series A (private). Initial external funding amounted to approximately USD 7.5 million in a Series A round, indicating limited capital.

Candidate execution options (choose EXACTLY ONE):
  A) Build a portfolio of hybrid/fuel cell vehicles
  B) Develop a high-performance EV sports car
  C) Co-develop an EV platform with a major automaker

Standard strategy mappings:
  A → Fast Follower
  B → Technology Leadership
  C → Open Innovation

Return STRICT JSON with keys exactly: {""chosen_option"": ""A|B|C|D"", ""standard_mapping"": ""..."", ""rationale"": ""<3-4 concise sentences>"", ""key_signals_used"": [""<copy of tags you relied on, MUST be from the provided context blocks>""]}
If no context was used, return an empty array `[]` for `key_signals_used`.Do not include any extra keys or prose outside JSON.","{
  ""chosen_option"": ""A"",
  ""standard_mapping"": ""Fast Follower"",
  ""rationale"": ""Building a portfolio of hybrid/fuel cell vehicles is a lower-risk option that allows the company to enter the market with a diversified product line, reducing the capital risk associated with a single high-performance EV sports car or a co-development project with a major automaker."",
  ""key_signals_used"": [""limited capital"", ""high capital risk""]
}",,A,Fast Follower,"""Building a portfolio of hybrid/fuel cell vehicles is a lower-risk option that allows the company to enter the market with a diversified product line, reducing the capital risk associated with a single high-performance EV sports car or a co-development project with a major automaker.""",limited capital; high capital risk
1_founder_period,generic,9,meta-llama/Meta-Llama-3.1-8B-Instruct,0.3,150,[Finance] Initial funding: ~USD 7.5M Series A (private).,1,"You are a senior technology strategy analyst. Given the fixed problem and a subset of context blocks (which may be empty), select the single most appropriate execution option and justify it clearly.

Problem (ALWAYS INCLUDED):
Problem: A new company must select an initial market entry strategy to prove its concept and secure future funding, despite lacking a proven supply chain, manufacturing assets, and brand recognition. The core challenge is to create a compelling and differentiated narrative while managing a high capital risk.

Additional context (subset may be empty):
- [Finance] Initial funding: ~USD 7.5M Series A (private). Initial external funding amounted to approximately USD 7.5 million in a Series A round, indicating limited capital.

Candidate execution options (choose EXACTLY ONE):
  A) Build a portfolio of hybrid/fuel cell vehicles
  B) Develop a high-performance EV sports car
  C) Co-develop an EV platform with a major automaker

Standard strategy mappings:
  A → Fast Follower
  B → Technology Leadership
  C → Open Innovation

Return STRICT JSON with keys exactly: {""chosen_option"": ""A|B|C|D"", ""standard_mapping"": ""..."", ""rationale"": ""<3-4 concise sentences>"", ""key_signals_used"": [""<copy of tags you relied on, MUST be from the provided context blocks>""]}
If no context was used, return an empty array `[]` for `key_signals_used`.Do not include any extra keys or prose outside JSON.","{
  ""chosen_option"": ""A"",
  ""standard_mapping"": ""Fast Follower"",
  ""rationale"": ""Building a portfolio of hybrid/fuel cell vehicles is a risk-averse approach that allows the company to enter the market with a diversified product line, leveraging existing technology to minimize capital risk. This strategy also enables the company to gather market feedback and refine its offerings without committing to a single, high-risk product. Given the limited initial funding, this approach is more feasible than developing a high-performance EV sports car or co-developing an EV platform with a major automaker."",
  ""key_signals_used"": [""limited capital"", ""high capital risk""]
}",,A,Fast Follower,"""Building a portfolio of hybrid/fuel cell vehicles is a risk-averse approach that allows the company to enter the market with a diversified product line, leveraging existing technology to minimize capital risk. This strategy also enables the company to gather market feedback and refine its offerings without committing to a single, high-risk product. Given the limited initial funding, this approach is more feasible than developing a high-performance EV sports car or co-developing an EV platform with a major automaker.""",limited capital; high capital risk
1_founder_period,generic,10,meta-llama/Meta-Llama-3.1-8B-Instruct,0.3,150,[Finance] Initial funding: ~USD 7.5M Series A (private).,1,"You are a senior technology strategy analyst. Given the fixed problem and a subset of context blocks (which may be empty), select the single most appropriate execution option and justify it clearly.

Problem (ALWAYS INCLUDED):
Problem: A new company must select an initial market entry strategy to prove its concept and secure future funding, despite lacking a proven supply chain, manufacturing assets, and brand recognition. The core challenge is to create a compelling and differentiated narrative while managing a high capital risk.

Additional context (subset may be empty):
- [Finance] Initial funding: ~USD 7.5M Series A (private). Initial external funding amounted to approximately USD 7.5 million in a Series A round, indicating limited capital.

Candidate execution options (choose EXACTLY ONE):
  A) Build a portfolio of hybrid/fuel cell vehicles
  B) Develop a high-performance EV sports car
  C) Co-develop an EV platform with a major automaker

Standard strategy mappings:
  A → Fast Follower
  B → Technology Leadership
  C → Open Innovation

Return STRICT JSON with keys exactly: {""chosen_option"": ""A|B|C|D"", ""standard_mapping"": ""..."", ""rationale"": ""<3-4 concise sentences>"", ""key_signals_used"": [""<copy of tags you relied on, MUST be from the provided context blocks>""]}
If no context was used, return an empty array `[]` for `key_signals_used`.Do not include any extra keys or prose outside JSON.","{
  ""chosen_option"": ""A"",
  ""standard_mapping"": ""Fast Follower"",
  ""rationale"": ""Given the limited capital and lack of proven supply chain, manufacturing assets, and brand recognition, a 'Fast Follower' strategy is most suitable. This approach allows the company to leverage existing technologies and minimize capital risk while still creating a compelling narrative."",
  ""key_signals_used"": [""limited capital"", ""lack of proven supply chain"", ""lack of manufacturing assets"", ""lack of brand recognition""]
}",,A,Fast Follower,"""Given the limited capital and lack of proven supply chain, manufacturing assets, and brand recognition, a 'Fast Follower' strategy is most suitable. This approach allows the company to leverage existing technologies and minimize capital risk while still creating a compelling narrative.""",limited capital; lack of proven supply chain; lack of manufacturing assets; lack of brand recognition
1_founder_period,generic,11,meta-llama/Meta-Llama-3.1-8B-Instruct,0.3,150,[Finance] Initial funding: ~USD 7.5M Series A (private).,1,"You are a senior technology strategy analyst. Given the fixed problem and a subset of context blocks (which may be empty), select the single most appropriate execution option and justify it clearly.

Problem (ALWAYS INCLUDED):
Problem: A new company must select an initial market entry strategy to prove its concept and secure future funding, despite lacking a proven supply chain, manufacturing assets, and brand recognition. The core challenge is to create a compelling and differentiated narrative while managing a high capital risk.

Additional context (subset may be empty):
- [Finance] Initial funding: ~USD 7.5M Series A (private). Initial external funding amounted to approximately USD 7.5 million in a Series A round, indicating limited capital.

Candidate execution options (choose EXACTLY ONE):
  A) Build a portfolio of hybrid/fuel cell vehicles
  B) Develop a high-performance EV sports car
  C) Co-develop an EV platform with a major automaker

Standard strategy mappings:
  A → Fast Follower
  B → Technology Leadership
  C → Open Innovation

Return STRICT JSON with keys exactly: {""chosen_option"": ""A|B|C|D"", ""standard_mapping"": ""..."", ""rationale"": ""<3-4 concise sentences>"", ""key_signals_used"": [""<copy of tags you relied on, MUST be from the provided context blocks>""]}
If no context was used, return an empty array `[]` for `key_signals_used`.Do not include any extra keys or prose outside JSON.","{
  ""chosen_option"": ""A"",
  ""standard_mapping"": ""Fast Follower"",
  ""rationale"": ""Given the limited capital and lack of proven supply chain, manufacturing assets, and brand recognition, a 'Fast Follower' strategy is most suitable. This approach allows the company to leverage existing technology and minimize capital risk while still creating a compelling narrative."",
  ""key_signals_used"": [""Finance"", ""limited capital"", ""lack of supply chain"", ""lack of manufacturing assets"", ""lack of brand recognition""]
}",,A,Fast Follower,"""Given the limited capital and lack of proven supply chain, manufacturing assets, and brand recognition, a 'Fast Follower' strategy is most suitable. This approach allows the company to leverage existing technology and minimize capital risk while still creating a compelling narrative.""",Finance; limited capital; lack of supply chain; lack of manufacturing assets; lack of brand recognition
1_founder_period,generic,12,meta-llama/Meta-Llama-3.1-8B-Instruct,0.3,150,[Finance] Initial funding: ~USD 7.5M Series A (private).,1,"You are a senior technology strategy analyst. Given the fixed problem and a subset of context blocks (which may be empty), select the single most appropriate execution option and justify it clearly.

Problem (ALWAYS INCLUDED):
Problem: A new company must select an initial market entry strategy to prove its concept and secure future funding, despite lacking a proven supply chain, manufacturing assets, and brand recognition. The core challenge is to create a compelling and differentiated narrative while managing a high capital risk.

Additional context (subset may be empty):
- [Finance] Initial funding: ~USD 7.5M Series A (private). Initial external funding amounted to approximately USD 7.5 million in a Series A round, indicating limited capital.

Candidate execution options (choose EXACTLY ONE):
  A) Build a portfolio of hybrid/fuel cell vehicles
  B) Develop a high-performance EV sports car
  C) Co-develop an EV platform with a major automaker

Standard strategy mappings:
  A → Fast Follower
  B → Technology Leadership
  C → Open Innovation

Return STRICT JSON with keys exactly: {""chosen_option"": ""A|B|C|D"", ""standard_mapping"": ""..."", ""rationale"": ""<3-4 concise sentences>"", ""key_signals_used"": [""<copy of tags you relied on, MUST be from the provided context blocks>""]}
If no context was used, return an empty array `[]` for `key_signals_used`.Do not include any extra keys or prose outside JSON.","{
  ""chosen_option"": ""A"",
  ""standard_mapping"": ""Fast Follower"",
  ""rationale"": ""Building a portfolio of hybrid/fuel cell vehicles is a risk-averse approach that allows the company to enter the market with a lower capital investment, while still showcasing its capabilities and differentiating itself from pure EV players."",
  ""key_signals_used"": [""limited capital"", ""high capital risk""]
}",,A,Fast Follower,"""Building a portfolio of hybrid/fuel cell vehicles is a risk-averse approach that allows the company to enter the market with a lower capital investment, while still showcasing its capabilities and differentiating itself from pure EV players.""",limited capital; high capital risk
1_founder_period,generic,13,meta-llama/Meta-Llama-3.1-8B-Instruct,0.3,150,[Finance] Initial funding: ~USD 7.5M Series A (private).,1,"You are a senior technology strategy analyst. Given the fixed problem and a subset of context blocks (which may be empty), select the single most appropriate execution option and justify it clearly.

Problem (ALWAYS INCLUDED):
Problem: A new company must select an initial market entry strategy to prove its concept and secure future funding, despite lacking a proven supply chain, manufacturing assets, and brand recognition. The core challenge is to create a compelling and differentiated narrative while managing a high capital risk.

Additional context (subset may be empty):
- [Finance] Initial funding: ~USD 7.5M Series A (private). Initial external funding amounted to approximately USD 7.5 million in a Series A round, indicating limited capital.

Candidate execution options (choose EXACTLY ONE):
  A) Build a portfolio of hybrid/fuel cell vehicles
  B) Develop a high-performance EV sports car
  C) Co-develop an EV platform with a major automaker

Standard strategy mappings:
  A → Fast Follower
  B → Technology Leadership
  C → Open Innovation

Return STRICT JSON with keys exactly: {""chosen_option"": ""A|B|C|D"", ""standard_mapping"": ""..."", ""rationale"": ""<3-4 concise sentences>"", ""key_signals_used"": [""<copy of tags you relied on, MUST be from the provided context blocks>""]}
If no context was used, return an empty array `[]` for `key_signals_used`.Do not include any extra keys or prose outside JSON.","{
  ""chosen_option"": ""A"",
  ""standard_mapping"": ""Fast Follower"",
  ""rationale"": ""Building a portfolio of hybrid/fuel cell vehicles allows the company to enter the market with a diversified product line, reducing capital risk associated with a single product launch. This approach also enables the company to learn from customers and adapt to market feedback, which is crucial in a new market entry. Additionally, it provides a more incremental revenue stream compared to a single high-performance product."",
  ""key_signals_used"": [""limited capital"", ""high capital risk""]
}",,A,Fast Follower,"""Building a portfolio of hybrid/fuel cell vehicles allows the company to enter the market with a diversified product line, reducing capital risk associated with a single product launch. This approach also enables the company to learn from customers and adapt to market feedback, which is crucial in a new market entry. Additionally, it provides a more incremental revenue stream compared to a single high-performance product.""",limited capital; high capital risk
1_founder_period,generic,14,meta-llama/Meta-Llama-3.1-8B-Instruct,0.3,150,[Finance] Initial funding: ~USD 7.5M Series A (private).,1,"You are a senior technology strategy analyst. Given the fixed problem and a subset of context blocks (which may be empty), select the single most appropriate execution option and justify it clearly.

Problem (ALWAYS INCLUDED):
Problem: A new company must select an initial market entry strategy to prove its concept and secure future funding, despite lacking a proven supply chain, manufacturing assets, and brand recognition. The core challenge is to create a compelling and differentiated narrative while managing a high capital risk.

Additional context (subset may be empty):
- [Finance] Initial funding: ~USD 7.5M Series A (private). Initial external funding amounted to approximately USD 7.5 million in a Series A round, indicating limited capital.

Candidate execution options (choose EXACTLY ONE):
  A) Build a portfolio of hybrid/fuel cell vehicles
  B) Develop a high-performance EV sports car
  C) Co-develop an EV platform with a major automaker

Standard strategy mappings:
  A → Fast Follower
  B → Technology Leadership
  C → Open Innovation

Return STRICT JSON with keys exactly: {""chosen_option"": ""A|B|C|D"", ""standard_mapping"": ""..."", ""rationale"": ""<3-4 concise sentences>"", ""key_signals_used"": [""<copy of tags you relied on, MUST be from the provided context blocks>""]}
If no context was used, return an empty array `[]` for `key_signals_used`.Do not include any extra keys or prose outside JSON.","{
  ""chosen_option"": ""A"",
  ""standard_mapping"": ""Fast Follower"",
  ""rationale"": ""Building a portfolio of hybrid/fuel cell vehicles allows the company to diversify its offerings, manage capital risk, and create a compelling narrative by addressing various customer needs. This approach enables the company to learn from customers and iterate quickly, which is crucial with limited capital. It also provides a foundation for future growth and expansion."",
  ""key_signals_used"": [""limited capital"", ""high capital risk""]
}",,A,Fast Follower,"""Building a portfolio of hybrid/fuel cell vehicles allows the company to diversify its offerings, manage capital risk, and create a compelling narrative by addressing various customer needs. This approach enables the company to learn from customers and iterate quickly, which is crucial with limited capital. It also provides a foundation for future growth and expansion.""",limited capital; high capital risk
1_founder_period,generic,15,meta-llama/Meta-Llama-3.1-8B-Instruct,0.3,150,[Finance] Initial funding: ~USD 7.5M Series A (private).,1,"You are a senior technology strategy analyst. Given the fixed problem and a subset of context blocks (which may be empty), select the single most appropriate execution option and justify it clearly.

Problem (ALWAYS INCLUDED):
Problem: A new company must select an initial market entry strategy to prove its concept and secure future funding, despite lacking a proven supply chain, manufacturing assets, and brand recognition. The core challenge is to create a compelling and differentiated narrative while managing a high capital risk.

Additional context (subset may be empty):
- [Finance] Initial funding: ~USD 7.5M Series A (private). Initial external funding amounted to approximately USD 7.5 million in a Series A round, indicating limited capital.

Candidate execution options (choose EXACTLY ONE):
  A) Build a portfolio of hybrid/fuel cell vehicles
  B) Develop a high-performance EV sports car
  C) Co-develop an EV platform with a major automaker

Standard strategy mappings:
  A → Fast Follower
  B → Technology Leadership
  C → Open Innovation

Return STRICT JSON with keys exactly: {""chosen_option"": ""A|B|C|D"", ""standard_mapping"": ""..."", ""rationale"": ""<3-4 concise sentences>"", ""key_signals_used"": [""<copy of tags you relied on, MUST be from the provided context blocks>""]}
If no context was used, return an empty array `[]` for `key_signals_used`.Do not include any extra keys or prose outside JSON.","{
  ""chosen_option"": ""A"",
  ""standard_mapping"": ""Fast Follower"",
  ""rationale"": ""Building a portfolio of hybrid/fuel cell vehicles is the most suitable option given the limited capital and lack of proven supply chain, manufacturing assets, and brand recognition. This approach allows for a lower capital risk and enables the company to enter the market with a diversified product line, increasing the chances of securing future funding."",
  ""key_signals_used"": [""Finance"", ""limited capital"", ""lack of proven supply chain"", ""manufacturing assets"", ""brand recognition""]
}",,A,Fast Follower,"""Building a portfolio of hybrid/fuel cell vehicles is the most suitable option given the limited capital and lack of proven supply chain, manufacturing assets, and brand recognition. This approach allows for a lower capital risk and enables the company to enter the market with a diversified product line, increasing the chances of securing future funding.""",Finance; limited capital; lack of proven supply chain; manufacturing assets; brand recognition
